-- ============================================================
-- DML - MÓDULO 1: GEOGRAFÍA Y REFERENCIA
-- Tablas: time_zone, continent, country, state_province,
--         city, district, address, currency
-- ============================================================

-- ------------------------------------------------------------
-- time_zone
-- ------------------------------------------------------------
INSERT INTO time_zone (time_zone_id, time_zone_name, utc_offset_minutes) VALUES
    ('a0000001-0000-0000-0000-000000000001', 'America/Bogota',        -300),
    ('a0000001-0000-0000-0000-000000000002', 'America/Mexico_City',   -360),
    ('a0000001-0000-0000-0000-000000000003', 'America/New_York',      -300),
    ('a0000001-0000-0000-0000-000000000004', 'America/Sao_Paulo',     -180),
    ('a0000001-0000-0000-0000-000000000005', 'Europe/Madrid',          60),
    ('a0000001-0000-0000-0000-000000000006', 'America/Lima',          -300),
    ('a0000001-0000-0000-0000-000000000007', 'America/Santiago',      -240),
    ('a0000001-0000-0000-0000-000000000008', 'America/Buenos_Aires',  -180);

-- ------------------------------------------------------------
-- continent
-- ------------------------------------------------------------
INSERT INTO continent (continent_id, continent_code, continent_name) VALUES
    ('b0000002-0000-0000-0000-000000000001', 'SA',  'América del Sur'),
    ('b0000002-0000-0000-0000-000000000002', 'NA',  'América del Norte'),
    ('b0000002-0000-0000-0000-000000000003', 'EU',  'Europa'),
    ('b0000002-0000-0000-0000-000000000004', 'AS',  'Asia'),
    ('b0000002-0000-0000-0000-000000000005', 'AF',  'África');

-- ------------------------------------------------------------
-- country
-- ------------------------------------------------------------
INSERT INTO country (country_id, continent_id, iso_alpha2, iso_alpha3, country_name) VALUES
    ('c0000003-0000-0000-0000-000000000001', 'b0000002-0000-0000-0000-000000000001', 'CO', 'COL', 'Colombia'),
    ('c0000003-0000-0000-0000-000000000002', 'b0000002-0000-0000-0000-000000000001', 'BR', 'BRA', 'Brasil'),
    ('c0000003-0000-0000-0000-000000000003', 'b0000002-0000-0000-0000-000000000001', 'PE', 'PER', 'Perú'),
    ('c0000003-0000-0000-0000-000000000004', 'b0000002-0000-0000-0000-000000000001', 'AR', 'ARG', 'Argentina'),
    ('c0000003-0000-0000-0000-000000000005', 'b0000002-0000-0000-0000-000000000001', 'CL', 'CHL', 'Chile'),
    ('c0000003-0000-0000-0000-000000000006', 'b0000002-0000-0000-0000-000000000002', 'MX', 'MEX', 'México'),
    ('c0000003-0000-0000-0000-000000000007', 'b0000002-0000-0000-0000-000000000002', 'US', 'USA', 'Estados Unidos'),
    ('c0000003-0000-0000-0000-000000000008', 'b0000002-0000-0000-0000-000000000003', 'ES', 'ESP', 'España');

-- ------------------------------------------------------------
-- state_province
-- ------------------------------------------------------------
INSERT INTO state_province (state_province_id, country_id, state_code, state_name) VALUES
    ('d0000004-0000-0000-0000-000000000001', 'c0000003-0000-0000-0000-000000000001', 'CUN', 'Cundinamarca'),
    ('d0000004-0000-0000-0000-000000000002', 'c0000003-0000-0000-0000-000000000001', 'ANT', 'Antioquia'),
    ('d0000004-0000-0000-0000-000000000003', 'c0000003-0000-0000-0000-000000000001', 'VAC', 'Valle del Cauca'),
    ('d0000004-0000-0000-0000-000000000004', 'c0000003-0000-0000-0000-000000000001', 'HUI', 'Huila'),
    ('d0000004-0000-0000-0000-000000000005', 'c0000003-0000-0000-0000-000000000002', 'SP',  'São Paulo'),
    ('d0000004-0000-0000-0000-000000000006', 'c0000003-0000-0000-0000-000000000003', 'LIM', 'Lima'),
    ('d0000004-0000-0000-0000-000000000007', 'c0000003-0000-0000-0000-000000000004', 'BUE', 'Buenos Aires'),
    ('d0000004-0000-0000-0000-000000000008', 'c0000003-0000-0000-0000-000000000006', 'CMX', 'Ciudad de México'),
    ('d0000004-0000-0000-0000-000000000009', 'c0000003-0000-0000-0000-000000000007', 'FL',  'Florida'),
    ('d0000004-0000-0000-0000-000000000010', 'c0000003-0000-0000-0000-000000000008', 'MAD', 'Madrid');

-- ------------------------------------------------------------
-- city
-- ------------------------------------------------------------
INSERT INTO city (city_id, state_province_id, time_zone_id, city_name) VALUES
    ('e0000005-0000-0000-0000-000000000001', 'd0000004-0000-0000-0000-000000000001', 'a0000001-0000-0000-0000-000000000001', 'Bogotá'),
    ('e0000005-0000-0000-0000-000000000002', 'd0000004-0000-0000-0000-000000000002', 'a0000001-0000-0000-0000-000000000001', 'Medellín'),
    ('e0000005-0000-0000-0000-000000000003', 'd0000004-0000-0000-0000-000000000003', 'a0000001-0000-0000-0000-000000000001', 'Cali'),
    ('e0000005-0000-0000-0000-000000000004', 'd0000004-0000-0000-0000-000000000004', 'a0000001-0000-0000-0000-000000000001', 'Neiva'),
    ('e0000005-0000-0000-0000-000000000005', 'd0000004-0000-0000-0000-000000000005', 'a0000001-0000-0000-0000-000000000004', 'São Paulo'),
    ('e0000005-0000-0000-0000-000000000006', 'd0000004-0000-0000-0000-000000000006', 'a0000001-0000-0000-0000-000000000006', 'Lima'),
    ('e0000005-0000-0000-0000-000000000007', 'd0000004-0000-0000-0000-000000000007', 'a0000001-0000-0000-0000-000000000008', 'Buenos Aires'),
    ('e0000005-0000-0000-0000-000000000008', 'd0000004-0000-0000-0000-000000000008', 'a0000001-0000-0000-0000-000000000002', 'Ciudad de México'),
    ('e0000005-0000-0000-0000-000000000009', 'd0000004-0000-0000-0000-000000000009', 'a0000001-0000-0000-0000-000000000003', 'Miami'),
    ('e0000005-0000-0000-0000-000000000010', 'd0000004-0000-0000-0000-000000000010', 'a0000001-0000-0000-0000-000000000005', 'Madrid');

-- ------------------------------------------------------------
-- district
-- ------------------------------------------------------------
INSERT INTO district (district_id, city_id, district_name) VALUES
    ('f0000006-0000-0000-0000-000000000001', 'e0000005-0000-0000-0000-000000000001', 'Fontibón'),
    ('f0000006-0000-0000-0000-000000000002', 'e0000005-0000-0000-0000-000000000002', 'Rionegro'),
    ('f0000006-0000-0000-0000-000000000003', 'e0000005-0000-0000-0000-000000000003', 'Palmira'),
    ('f0000006-0000-0000-0000-000000000004', 'e0000005-0000-0000-0000-000000000004', 'Centro'),
    ('f0000006-0000-0000-0000-000000000005', 'e0000005-0000-0000-0000-000000000005', 'Guarulhos'),
    ('f0000006-0000-0000-0000-000000000006', 'e0000005-0000-0000-0000-000000000006', 'Callao'),
    ('f0000006-0000-0000-0000-000000000007', 'e0000005-0000-0000-0000-000000000007', 'Ezeiza'),
    ('f0000006-0000-0000-0000-000000000008', 'e0000005-0000-0000-0000-000000000008', 'Benito Juárez'),
    ('f0000006-0000-0000-0000-000000000009', 'e0000005-0000-0000-0000-000000000009', 'Miami-Dade'),
    ('f0000006-0000-0000-0000-000000000010', 'e0000005-0000-0000-0000-000000000010', 'Barajas');

-- ------------------------------------------------------------
-- address
-- ------------------------------------------------------------
INSERT INTO address (address_id, district_id, address_line_1, postal_code, latitude, longitude) VALUES
    ('g0000007-0000-0000-0000-000000000001', 'f0000006-0000-0000-0000-000000000001', 'Av. El Dorado No. 103-23',    '110111',  4.7016,  -74.1469),
    ('g0000007-0000-0000-0000-000000000002', 'f0000006-0000-0000-0000-000000000002', 'Aeropuerto José M. Córdova',  '054040',  6.1645,  -75.4231),
    ('g0000007-0000-0000-0000-000000000003', 'f0000006-0000-0000-0000-000000000003', 'Aeropuerto Alfonso B. Aragón','760001',  3.5432,  -76.3816),
    ('g0000007-0000-0000-0000-000000000004', 'f0000006-0000-0000-0000-000000000004', 'Aeropuerto Benito Salas',     '410001',  2.9514,  -75.2847),
    ('g0000007-0000-0000-0000-000000000005', 'f0000006-0000-0000-0000-000000000005', 'Rodovia Hélio Smidt s/n',     '07190',  -23.4356, -46.4731),
    ('g0000007-0000-0000-0000-000000000006', 'f0000006-0000-0000-0000-000000000006', 'Av. Elmer Faucett s/n',       '07031', -12.0219,  -77.1143),
    ('g0000007-0000-0000-0000-000000000007', 'f0000006-0000-0000-0000-000000000007', 'Autopista Ricchieri Km 33.5', '1802',  -34.8222,  -58.5358),
    ('g0000007-0000-0000-0000-000000000008', 'f0000006-0000-0000-0000-000000000008', 'Av. Cap. Carlos L. Bello s/n','15620',  19.4363, -99.0721),
    ('g0000007-0000-0000-0000-000000000009', 'f0000006-0000-0000-0000-000000000009', '2100 NW 42nd Ave',            '33142',  25.7959,  -80.2870),
    ('g0000007-0000-0000-0000-000000000010', 'f0000006-0000-0000-0000-000000000010', 'Av. de la Hispanidad s/n',    '28042',  40.4936,  -3.5668);

-- ------------------------------------------------------------
-- currency
-- ------------------------------------------------------------
INSERT INTO currency (currency_id, iso_currency_code, currency_name, currency_symbol, minor_units) VALUES
    ('h0000008-0000-0000-0000-000000000001', 'COP', 'Peso Colombiano',   '$',  0),
    ('h0000008-0000-0000-0000-000000000002', 'USD', 'Dólar Americano',   '$',  2),
    ('h0000008-0000-0000-0000-000000000003', 'BRL', 'Real Brasileño',    'R$', 2),
    ('h0000008-0000-0000-0000-000000000004', 'EUR', 'Euro',              '€',  2),
    ('h0000008-0000-0000-0000-000000000005', 'ARS', 'Peso Argentino',    '$',  2),
    ('h0000008-0000-0000-0000-000000000006', 'MXN', 'Peso Mexicano',     '$',  2),
    ('h0000008-0000-0000-0000-000000000007', 'PEN', 'Sol Peruano',       'S/', 2),
    ('h0000008-0000-0000-0000-000000000008', 'CLP', 'Peso Chileno',      '$',  0);