-- ============================================================
-- DML - MÓDULO 2: IDENTIDAD / PERSONAS
-- Tablas: person_type, document_type, contact_type,
--         person, person_document, person_contact
-- ============================================================

-- ------------------------------------------------------------
-- person_type
-- ------------------------------------------------------------
INSERT INTO person_type (person_type_id, type_code, type_name) VALUES
    ('aa000001-0000-0000-0000-000000000001', 'NATURAL',   'Persona Natural'),
    ('aa000001-0000-0000-0000-000000000002', 'JURIDICA',  'Persona Jurídica'),
    ('aa000001-0000-0000-0000-000000000003', 'EXTRANJER', 'Extranjero');

-- ------------------------------------------------------------
-- document_type
-- ------------------------------------------------------------
INSERT INTO document_type (document_type_id, type_code, type_name) VALUES
    ('bb000002-0000-0000-0000-000000000001', 'CC',        'Cédula de Ciudadanía'),
    ('bb000002-0000-0000-0000-000000000002', 'PASSPORT',  'Pasaporte'),
    ('bb000002-0000-0000-0000-000000000003', 'CE',        'Cédula de Extranjería'),
    ('bb000002-0000-0000-0000-000000000004', 'TI',        'Tarjeta de Identidad'),
    ('bb000002-0000-0000-0000-000000000005', 'DNI',       'Documento Nacional de Identidad');

-- ------------------------------------------------------------
-- contact_type
-- ------------------------------------------------------------
INSERT INTO contact_type (contact_type_id, type_code, type_name) VALUES
    ('cc000003-0000-0000-0000-000000000001', 'EMAIL',     'Correo Electrónico'),
    ('cc000003-0000-0000-0000-000000000002', 'MOBILE',    'Teléfono Móvil'),
    ('cc000003-0000-0000-0000-000000000003', 'PHONE',     'Teléfono Fijo'),
    ('cc000003-0000-0000-0000-000000000004', 'WHATSAPP',  'WhatsApp');

-- ------------------------------------------------------------
-- person
-- ------------------------------------------------------------
INSERT INTO person (person_id, person_type_id, nationality_country_id, first_name, middle_name, last_name, second_last_name, birth_date, gender_code) VALUES
    -- Colombianos
    ('dd000004-0000-0000-0000-000000000001', 'aa000001-0000-0000-0000-000000000001', 'c0000003-0000-0000-0000-000000000001', 'Carlos',    'Andrés',  'Rodríguez', 'Gómez',   '1985-03-12', 'M'),
    ('dd000004-0000-0000-0000-000000000002', 'aa000001-0000-0000-0000-000000000001', 'c0000003-0000-0000-0000-000000000001', 'Laura',     'Sofía',   'Martínez',  'Torres',  '1992-07-25', 'F'),
    ('dd000004-0000-0000-0000-000000000003', 'aa000001-0000-0000-0000-000000000001', 'c0000003-0000-0000-0000-000000000001', 'Valery',    NULL,      'Pérez',     'López',   '1998-11-03', 'F'),
    ('dd000004-0000-0000-0000-000000000004', 'aa000001-0000-0000-0000-000000000001', 'c0000003-0000-0000-0000-000000000001', 'Juan',      'Pablo',   'García',    'Herrera', '1990-05-18', 'M'),
    ('dd000004-0000-0000-0000-000000000005', 'aa000001-0000-0000-0000-000000000001', 'c0000003-0000-0000-0000-000000000001', 'Valentina', NULL,      'Castro',    'Vargas',  '1995-09-30', 'F'),
    -- Brasileños
    ('dd000004-0000-0000-0000-000000000006', 'aa000001-0000-0000-0000-000000000001', 'c0000003-0000-0000-0000-000000000002', 'Lucas',     NULL,      'Oliveira',  'Santos',  '1988-02-14', 'M'),
    ('dd000004-0000-0000-0000-000000000007', 'aa000001-0000-0000-0000-000000000001', 'c0000003-0000-0000-0000-000000000002', 'Ana',       'Paula',   'Ferreira',  NULL,      '1993-06-22', 'F'),
    -- Peruanos
    ('dd000004-0000-0000-0000-000000000008', 'aa000001-0000-0000-0000-000000000001', 'c0000003-0000-0000-0000-000000000003', 'Diego',     NULL,      'Quispe',    'Mamani',  '1987-12-01', 'M'),
    -- Argentinos
    ('dd000004-0000-0000-0000-000000000009', 'aa000001-0000-0000-0000-000000000001', 'c0000003-0000-0000-0000-000000000004', 'Martina',   NULL,      'López',     'Suárez',  '1996-04-17', 'F'),
    -- Mexicanos
    ('dd000004-0000-0000-0000-000000000010', 'aa000001-0000-0000-0000-000000000001', 'c0000003-0000-0000-0000-000000000006', 'Miguel',    'Ángel',   'Hernández', 'Reyes',   '1983-08-09', 'M'),
    -- Staff aerolinea
    ('dd000004-0000-0000-0000-000000000011', 'aa000001-0000-0000-0000-000000000001', 'c0000003-0000-0000-0000-000000000001', 'Andrés',    NULL,      'Morales',   'Ruiz',    '1980-01-20', 'M'),
    ('dd000004-0000-0000-0000-000000000012', 'aa000001-0000-0000-0000-000000000001', 'c0000003-0000-0000-0000-000000000001', 'Patricia',  NULL,      'Jiménez',   'Medina',  '1979-03-05', 'F');

-- ------------------------------------------------------------
-- person_document
-- ------------------------------------------------------------
INSERT INTO person_document (person_document_id, person_id, document_type_id, issuing_country_id, document_number, issued_on, expires_on) VALUES
    ('ee000005-0000-0000-0000-000000000001', 'dd000004-0000-0000-0000-000000000001', 'bb000002-0000-0000-0000-000000000001', 'c0000003-0000-0000-0000-000000000001', '1020304050',   '2010-03-12', NULL),
    ('ee000005-0000-0000-0000-000000000002', 'dd000004-0000-0000-0000-000000000001', 'bb000002-0000-0000-0000-000000000002', 'c0000003-0000-0000-0000-000000000001', 'CO123456',     '2018-05-10', '2028-05-10'),
    ('ee000005-0000-0000-0000-000000000003', 'dd000004-0000-0000-0000-000000000002', 'bb000002-0000-0000-0000-000000000001', 'c0000003-0000-0000-0000-000000000001', '1098765432',   '2012-07-25', NULL),
    ('ee000005-0000-0000-0000-000000000004', 'dd000004-0000-0000-0000-000000000003', 'bb000002-0000-0000-0000-000000000001', 'c0000003-0000-0000-0000-000000000001', '1061234567',   '2016-11-03', NULL),
    ('ee000005-0000-0000-0000-000000000005', 'dd000004-0000-0000-0000-000000000004', 'bb000002-0000-0000-0000-000000000001', 'c0000003-0000-0000-0000-000000000001', '1075432198',   '2011-05-18', NULL),
    ('ee000005-0000-0000-0000-000000000006', 'dd000004-0000-0000-0000-000000000005', 'bb000002-0000-0000-0000-000000000001', 'c0000003-0000-0000-0000-000000000001', '1045678901',   '2014-09-30', NULL),
    ('ee000005-0000-0000-0000-000000000007', 'dd000004-0000-0000-0000-000000000006', 'bb000002-0000-0000-0000-000000000002', 'c0000003-0000-0000-0000-000000000002', 'BR987654',     '2019-02-14', '2029-02-14'),
    ('ee000005-0000-0000-0000-000000000008', 'dd000004-0000-0000-0000-000000000007', 'bb000002-0000-0000-0000-000000000002', 'c0000003-0000-0000-0000-000000000002', 'BR456789',     '2020-06-22', '2030-06-22'),
    ('ee000005-0000-0000-0000-000000000009', 'dd000004-0000-0000-0000-000000000008', 'bb000002-0000-0000-0000-000000000002', 'c0000003-0000-0000-0000-000000000003', 'PE321654',     '2017-12-01', '2027-12-01'),
    ('ee000005-0000-0000-0000-000000000010', 'dd000004-0000-0000-0000-000000000009', 'bb000002-0000-0000-0000-000000000002', 'c0000003-0000-0000-0000-000000000004', 'AR654321',     '2021-04-17', '2031-04-17'),
    ('ee000005-0000-0000-0000-000000000011', 'dd000004-0000-0000-0000-000000000010', 'bb000002-0000-0000-0000-000000000002', 'c0000003-0000-0000-0000-000000000006', 'MX789012',     '2018-08-09', '2028-08-09'),
    ('ee000005-0000-0000-0000-000000000012', 'dd000004-0000-0000-0000-000000000011', 'bb000002-0000-0000-0000-000000000001', 'c0000003-0000-0000-0000-000000000001', '79654321',     '2005-01-20', NULL),
    ('ee000005-0000-0000-0000-000000000013', 'dd000004-0000-0000-0000-000000000012', 'bb000002-0000-0000-0000-000000000001', 'c0000003-0000-0000-0000-000000000001', '52001234',     '2004-03-05', NULL);

-- ------------------------------------------------------------
-- person_contact
-- ------------------------------------------------------------
INSERT INTO person_contact (person_contact_id, person_id, contact_type_id, contact_value, is_primary) VALUES
    -- Carlos Rodríguez
    ('ff000006-0000-0000-0000-000000000001', 'dd000004-0000-0000-0000-000000000001', 'cc000003-0000-0000-0000-000000000001', 'carlos.rodriguez@email.com',  true),
    ('ff000006-0000-0000-0000-000000000002', 'dd000004-0000-0000-0000-000000000001', 'cc000003-0000-0000-0000-000000000002', '+573001234567',               true),
    -- Laura Martínez
    ('ff000006-0000-0000-0000-000000000003', 'dd000004-0000-0000-0000-000000000002', 'cc000003-0000-0000-0000-000000000001', 'laura.martinez@email.com',    true),
    ('ff000006-0000-0000-0000-000000000004', 'dd000004-0000-0000-0000-000000000002', 'cc000003-0000-0000-0000-000000000002', '+573107654321',               true),
    -- Valery Pérez
    ('ff000006-0000-0000-0000-000000000005', 'dd000004-0000-0000-0000-000000000003', 'cc000003-0000-0000-0000-000000000001', 'valery.perez@email.com',      true),
    ('ff000006-0000-0000-0000-000000000006', 'dd000004-0000-0000-0000-000000000003', 'cc000003-0000-0000-0000-000000000004', '+573205551234',               true),
    -- Juan García
    ('ff000006-0000-0000-0000-000000000007', 'dd000004-0000-0000-0000-000000000004', 'cc000003-0000-0000-0000-000000000001', 'juan.garcia@email.com',       true),
    ('ff000006-0000-0000-0000-000000000008', 'dd000004-0000-0000-0000-000000000004', 'cc000003-0000-0000-0000-000000000002', '+573156789012',               true),
    -- Valentina Castro
    ('ff000006-0000-0000-0000-000000000009', 'dd000004-0000-0000-0000-000000000005', 'cc000003-0000-0000-0000-000000000001', 'valentina.castro@email.com',  true),
    -- Lucas Oliveira
    ('ff000006-0000-0000-0000-000000000010', 'dd000004-0000-0000-0000-000000000006', 'cc000003-0000-0000-0000-000000000001', 'lucas.oliveira@email.com.br', true),
    ('ff000006-0000-0000-0000-000000000011', 'dd000004-0000-0000-0000-000000000006', 'cc000003-0000-0000-0000-000000000002', '+5511987654321',              true),
    -- Ana Ferreira
    ('ff000006-0000-0000-0000-000000000012', 'dd000004-0000-0000-0000-000000000007', 'cc000003-0000-0000-0000-000000000001', 'ana.ferreira@email.com.br',   true),
    -- Diego Quispe
    ('ff000006-0000-0000-0000-000000000013', 'dd000004-0000-0000-0000-000000000008', 'cc000003-0000-0000-0000-000000000001', 'diego.quispe@email.pe',       true),
    -- Martina López
    ('ff000006-0000-0000-0000-000000000014', 'dd000004-0000-0000-0000-000000000009', 'cc000003-0000-0000-0000-000000000001', 'martina.lopez@email.ar',      true),
    -- Miguel Hernández
    ('ff000006-0000-0000-0000-000000000015', 'dd000004-0000-0000-0000-000000000010', 'cc000003-0000-0000-0000-000000000001', 'miguel.hernandez@email.mx',   true),
    -- Staff
    ('ff000006-0000-0000-0000-000000000016', 'dd000004-0000-0000-0000-000000000011', 'cc000003-0000-0000-0000-000000000001', 'andres.morales@avianca.com',  true),
    ('ff000006-0000-0000-0000-000000000017', 'dd000004-0000-0000-0000-000000000012', 'cc000003-0000-0000-0000-000000000001', 'patricia.jimenez@avianca.com',true);