-- ============================================================
-- DML - MÓDULO 3: SEGURIDAD
-- Tablas: user_status, security_role, security_permission,
--         user_account, user_role, role_permission
-- ============================================================

-- ------------------------------------------------------------
-- user_status
-- ------------------------------------------------------------
INSERT INTO user_status (user_status_id, status_code, status_name) VALUES
    ('gg000001-0000-0000-0000-000000000001', 'ACTIVE',    'Activo'),
    ('gg000001-0000-0000-0000-000000000002', 'INACTIVE',  'Inactivo'),
    ('gg000001-0000-0000-0000-000000000003', 'BLOCKED',   'Bloqueado'),
    ('gg000001-0000-0000-0000-000000000004', 'PENDING',   'Pendiente de verificación');

-- ------------------------------------------------------------
-- security_role
-- ------------------------------------------------------------
INSERT INTO security_role (security_role_id, role_code, role_name, role_description) VALUES
    ('hh000002-0000-0000-0000-000000000001', 'ADMIN',        'Administrador',        'Acceso total al sistema'),
    ('hh000002-0000-0000-0000-000000000002', 'AGENT',        'Agente de Ventas',     'Gestión de reservas y tiquetes'),
    ('hh000002-0000-0000-0000-000000000003', 'CHECKIN',      'Agente Check-in',      'Gestión de check-in y abordaje'),
    ('hh000002-0000-0000-0000-000000000004', 'PASSENGER',    'Pasajero',             'Acceso básico como cliente'),
    ('hh000002-0000-0000-0000-000000000005', 'SUPERVISOR',   'Supervisor',           'Supervisión de operaciones');

-- ------------------------------------------------------------
-- security_permission
-- ------------------------------------------------------------
INSERT INTO security_permission (security_permission_id, permission_code, permission_name) VALUES
    ('ii000003-0000-0000-0000-000000000001', 'FLIGHT_VIEW',       'Ver vuelos'),
    ('ii000003-0000-0000-0000-000000000002', 'FLIGHT_MANAGE',     'Gestionar vuelos'),
    ('ii000003-0000-0000-0000-000000000003', 'RESERVATION_VIEW',  'Ver reservas'),
    ('ii000003-0000-0000-0000-000000000004', 'RESERVATION_CREATE','Crear reservas'),
    ('ii000003-0000-0000-0000-000000000005', 'RESERVATION_CANCEL','Cancelar reservas'),
    ('ii000003-0000-0000-0000-000000000006', 'CHECKIN_MANAGE',    'Gestionar check-in'),
    ('ii000003-0000-0000-0000-000000000007', 'PAYMENT_VIEW',      'Ver pagos'),
    ('ii000003-0000-0000-0000-000000000008', 'PAYMENT_PROCESS',   'Procesar pagos'),
    ('ii000003-0000-0000-0000-000000000009', 'USER_MANAGE',       'Gestionar usuarios'),
    ('ii000003-0000-0000-0000-000000000010', 'REPORT_VIEW',       'Ver reportes');

-- ------------------------------------------------------------
-- role_permission
-- ------------------------------------------------------------
-- ADMIN: todos los permisos
INSERT INTO role_permission (role_permission_id, security_role_id, security_permission_id, granted_at) VALUES
    ('jj000004-0000-0000-0000-000000000001', 'hh000002-0000-0000-0000-000000000001', 'ii000003-0000-0000-0000-000000000001', NOW()),
    ('jj000004-0000-0000-0000-000000000002', 'hh000002-0000-0000-0000-000000000001', 'ii000003-0000-0000-0000-000000000002', NOW()),
    ('jj000004-0000-0000-0000-000000000003', 'hh000002-0000-0000-0000-000000000001', 'ii000003-0000-0000-0000-000000000003', NOW()),
    ('jj000004-0000-0000-0000-000000000004', 'hh000002-0000-0000-0000-000000000001', 'ii000003-0000-0000-0000-000000000004', NOW()),
    ('jj000004-0000-0000-0000-000000000005', 'hh000002-0000-0000-0000-000000000001', 'ii000003-0000-0000-0000-000000000005', NOW()),
    ('jj000004-0000-0000-0000-000000000006', 'hh000002-0000-0000-0000-000000000001', 'ii000003-0000-0000-0000-000000000006', NOW()),
    ('jj000004-0000-0000-0000-000000000007', 'hh000002-0000-0000-0000-000000000001', 'ii000003-0000-0000-0000-000000000007', NOW()),
    ('jj000004-0000-0000-0000-000000000008', 'hh000002-0000-0000-0000-000000000001', 'ii000003-0000-0000-0000-000000000008', NOW()),
    ('jj000004-0000-0000-0000-000000000009', 'hh000002-0000-0000-0000-000000000001', 'ii000003-0000-0000-0000-000000000009', NOW()),
    ('jj000004-0000-0000-0000-000000000010', 'hh000002-0000-0000-0000-000000000001', 'ii000003-0000-0000-0000-000000000010', NOW()),
-- AGENT: reservas y pagos
    ('jj000004-0000-0000-0000-000000000011', 'hh000002-0000-0000-0000-000000000002', 'ii000003-0000-0000-0000-000000000001', NOW()),
    ('jj000004-0000-0000-0000-000000000012', 'hh000002-0000-0000-0000-000000000002', 'ii000003-0000-0000-0000-000000000003', NOW()),
    ('jj000004-0000-0000-0000-000000000013', 'hh000002-0000-0000-0000-000000000002', 'ii000003-0000-0000-0000-000000000004', NOW()),
    ('jj000004-0000-0000-0000-000000000014', 'hh000002-0000-0000-0000-000000000002', 'ii000003-0000-0000-0000-000000000005', NOW()),
    ('jj000004-0000-0000-0000-000000000015', 'hh000002-0000-0000-0000-000000000002', 'ii000003-0000-0000-0000-000000000007', NOW()),
    ('jj000004-0000-0000-0000-000000000016', 'hh000002-0000-0000-0000-000000000002', 'ii000003-0000-0000-0000-000000000008', NOW()),
-- CHECKIN: solo check-in y vuelos
    ('jj000004-0000-0000-0000-000000000017', 'hh000002-0000-0000-0000-000000000003', 'ii000003-0000-0000-0000-000000000001', NOW()),
    ('jj000004-0000-0000-0000-000000000018', 'hh000002-0000-0000-0000-000000000003', 'ii000003-0000-0000-0000-000000000003', NOW()),
    ('jj000004-0000-0000-0000-000000000019', 'hh000002-0000-0000-0000-000000000003', 'ii000003-0000-0000-0000-000000000006', NOW()),
-- PASSENGER: solo ver
    ('jj000004-0000-0000-0000-000000000020', 'hh000002-0000-0000-0000-000000000004', 'ii000003-0000-0000-0000-000000000001', NOW()),
    ('jj000004-0000-0000-0000-000000000021', 'hh000002-0000-0000-0000-000000000004', 'ii000003-0000-0000-0000-000000000003', NOW()),
-- SUPERVISOR: ver todo + reportes
    ('jj000004-0000-0000-0000-000000000022', 'hh000002-0000-0000-0000-000000000005', 'ii000003-0000-0000-0000-000000000001', NOW()),
    ('jj000004-0000-0000-0000-000000000023', 'hh000002-0000-0000-0000-000000000005', 'ii000003-0000-0000-0000-000000000003', NOW()),
    ('jj000004-0000-0000-0000-000000000024', 'hh000002-0000-0000-0000-000000000005', 'ii000003-0000-0000-0000-000000000007', NOW()),
    ('jj000004-0000-0000-0000-000000000025', 'hh000002-0000-0000-0000-000000000005', 'ii000003-0000-0000-0000-000000000010', NOW());

-- ------------------------------------------------------------
-- user_account
-- Nota: password_hash generado con crypt('password', gen_salt('bf'))
-- Todos usan la clave: Admin123*
-- ------------------------------------------------------------
INSERT INTO user_account (user_account_id, person_id, user_status_id, username, password_hash, last_login_at) VALUES
    ('kk000005-0000-0000-0000-000000000001', 'dd000004-0000-0000-0000-000000000011', 'gg000001-0000-0000-0000-000000000001', 'andres.morales',   crypt('Admin123*', gen_salt('bf')), NOW() - INTERVAL '1 day'),
    ('kk000005-0000-0000-0000-000000000002', 'dd000004-0000-0000-0000-000000000012', 'gg000001-0000-0000-0000-000000000001', 'patricia.jimenez', crypt('Admin123*', gen_salt('bf')), NOW() - INTERVAL '2 days'),
    ('kk000005-0000-0000-0000-000000000003', 'dd000004-0000-0000-0000-000000000001', 'gg000001-0000-0000-0000-000000000001', 'carlos.rodriguez', crypt('Admin123*', gen_salt('bf')), NOW() - INTERVAL '5 days'),
    ('kk000005-0000-0000-0000-000000000004', 'dd000004-0000-0000-0000-000000000002', 'gg000001-0000-0000-0000-000000000001', 'laura.martinez',   crypt('Admin123*', gen_salt('bf')), NOW() - INTERVAL '3 days'),
    ('kk000005-0000-0000-0000-000000000005', 'dd000004-0000-0000-0000-000000000003', 'gg000001-0000-0000-0000-000000000001', 'valery.perez',     crypt('Admin123*', gen_salt('bf')), NOW() - INTERVAL '1 day'),
    ('kk000005-0000-0000-0000-000000000006', 'dd000004-0000-0000-0000-000000000004', 'gg000001-0000-0000-0000-000000000001', 'juan.garcia',      crypt('Admin123*', gen_salt('bf')), NOW() - INTERVAL '7 days'),
    ('kk000005-0000-0000-0000-000000000007', 'dd000004-0000-0000-0000-000000000005', 'gg000001-0000-0000-0000-000000000002', 'valentina.castro', crypt('Admin123*', gen_salt('bf')), NULL);

-- ------------------------------------------------------------
-- user_role
-- ------------------------------------------------------------
INSERT INTO user_role (user_role_id, user_account_id, security_role_id, assigned_at, assigned_by_user_id) VALUES
    ('ll000006-0000-0000-0000-000000000001', 'kk000005-0000-0000-0000-000000000001', 'hh000002-0000-0000-0000-000000000001', NOW(), NULL),
    ('ll000006-0000-0000-0000-000000000002', 'kk000005-0000-0000-0000-000000000002', 'hh000002-0000-0000-0000-000000000005', NOW(), 'kk000005-0000-0000-0000-000000000001'),
    ('ll000006-0000-0000-0000-000000000003', 'kk000005-0000-0000-0000-000000000003', 'hh000002-0000-0000-0000-000000000002', NOW(), 'kk000005-0000-0000-0000-000000000001'),
    ('ll000006-0000-0000-0000-000000000004', 'kk000005-0000-0000-0000-000000000004', 'hh000002-0000-0000-0000-000000000003', NOW(), 'kk000005-0000-0000-0000-000000000001'),
    ('ll000006-0000-0000-0000-000000000005', 'kk000005-0000-0000-0000-000000000005', 'hh000002-0000-0000-0000-000000000004', NOW(), 'kk000005-0000-0000-0000-000000000001'),
    ('ll000006-0000-0000-0000-000000000006', 'kk000005-0000-0000-0000-000000000006', 'hh000002-0000-0000-0000-000000000004', NOW(), 'kk000005-0000-0000-0000-000000000001'),
    ('ll000006-0000-0000-0000-000000000007', 'kk000005-0000-0000-0000-000000000007', 'hh000002-0000-0000-0000-000000000004', NOW(), 'kk000005-0000-0000-0000-000000000001');