-- ============================================================
-- DML - MÓDULO 4: AEROLÍNEA Y AEROPUERTOS
-- Tablas: airline, airport, terminal, boarding_gate,
--         runway, airport_regulation
-- ============================================================

-- ------------------------------------------------------------
-- airline
-- ------------------------------------------------------------
INSERT INTO airline (airline_id, home_country_id, airline_code, airline_name, iata_code, icao_code, is_active) VALUES
    ('mm000001-0000-0000-0000-000000000001', 'c0000003-0000-0000-0000-000000000001', 'AV',  'Avianca',                  'AV', 'AVA', true),
    ('mm000001-0000-0000-0000-000000000002', 'c0000003-0000-0000-0000-000000000001', 'LA',  'LATAM Colombia',           'LA', 'LAN', true),
    ('mm000001-0000-0000-0000-000000000003', 'c0000003-0000-0000-0000-000000000002', 'G3',  'Gol Linhas Aéreas',        'G3', 'GLO', true),
    ('mm000001-0000-0000-0000-000000000004', 'c0000003-0000-0000-0000-000000000007', 'AA',  'American Airlines',        'AA', 'AAL', true),
    ('mm000001-0000-0000-0000-000000000005', 'c0000003-0000-0000-0000-000000000008', 'IB',  'Iberia',                   'IB', 'IBE', true);

-- ------------------------------------------------------------
-- airport
-- ------------------------------------------------------------
INSERT INTO airport (airport_id, address_id, iata_code, icao_code, airport_name, airport_type) VALUES
    ('nn000002-0000-0000-0000-000000000001', 'g0000007-0000-0000-0000-000000000001', 'BOG', 'SKBO', 'Aeropuerto Internacional El Dorado',       'INTERNATIONAL'),
    ('nn000002-0000-0000-0000-000000000002', 'g0000007-0000-0000-0000-000000000002', 'MDE', 'SKRG', 'Aeropuerto Internacional José M. Córdova', 'INTERNATIONAL'),
    ('nn000002-0000-0000-0000-000000000003', 'g0000007-0000-0000-0000-000000000003', 'CLO', 'SKCL', 'Aeropuerto Internacional Alfonso B. Aragón','INTERNATIONAL'),
    ('nn000002-0000-0000-0000-000000000004', 'g0000007-0000-0000-0000-000000000004', 'HUI', 'SKNV', 'Aeropuerto Benito Salas',                  'DOMESTIC'),
    ('nn000002-0000-0000-0000-000000000005', 'g0000007-0000-0000-0000-000000000005', 'GRU', 'SBGR', 'Aeropuerto Internacional de Guarulhos',    'INTERNATIONAL'),
    ('nn000002-0000-0000-0000-000000000006', 'g0000007-0000-0000-0000-000000000006', 'LIM', 'SPJC', 'Aeropuerto Internacional Jorge Chávez',    'INTERNATIONAL'),
    ('nn000002-0000-0000-0000-000000000007', 'g0000007-0000-0000-0000-000000000007', 'EZE', 'SAEZ', 'Aeropuerto Internacional Ministro Pistarini','INTERNATIONAL'),
    ('nn000002-0000-0000-0000-000000000008', 'g0000007-0000-0000-0000-000000000008', 'MEX', 'MMMX', 'Aeropuerto Internacional Benito Juárez',   'INTERNATIONAL'),
    ('nn000002-0000-0000-0000-000000000009', 'g0000007-0000-0000-0000-000000000009', 'MIA', 'KMIA', 'Aeropuerto Internacional de Miami',        'INTERNATIONAL'),
    ('nn000002-0000-0000-0000-000000000010', 'g0000007-0000-0000-0000-000000000010', 'MAD', 'LEMD', 'Aeropuerto Internacional Adolfo Suárez',   'INTERNATIONAL');

-- ------------------------------------------------------------
-- terminal
-- ------------------------------------------------------------
INSERT INTO terminal (terminal_id, airport_id, terminal_code, terminal_name) VALUES
    -- El Dorado BOG
    ('oo000003-0000-0000-0000-000000000001', 'nn000002-0000-0000-0000-000000000001', 'T1', 'Terminal 1 - Nacional'),
    ('oo000003-0000-0000-0000-000000000002', 'nn000002-0000-0000-0000-000000000001', 'T2', 'Terminal 2 - Internacional'),
    -- José M. Córdova MDE
    ('oo000003-0000-0000-0000-000000000003', 'nn000002-0000-0000-0000-000000000002', 'TU', 'Terminal Única'),
    -- Alfonso B. Aragón CLO
    ('oo000003-0000-0000-0000-000000000004', 'nn000002-0000-0000-0000-000000000003', 'TU', 'Terminal Única'),
    -- Benito Salas HUI
    ('oo000003-0000-0000-0000-000000000005', 'nn000002-0000-0000-0000-000000000004', 'TU', 'Terminal Única'),
    -- Guarulhos GRU
    ('oo000003-0000-0000-0000-000000000006', 'nn000002-0000-0000-0000-000000000005', 'T1', 'Terminal 1'),
    ('oo000003-0000-0000-0000-000000000007', 'nn000002-0000-0000-0000-000000000005', 'T2', 'Terminal 2'),
    -- Jorge Chávez LIM
    ('oo000003-0000-0000-0000-000000000008', 'nn000002-0000-0000-0000-000000000006', 'TI', 'Terminal Internacional'),
    -- Ministro Pistarini EZE
    ('oo000003-0000-0000-0000-000000000009', 'nn000002-0000-0000-0000-000000000007', 'TA', 'Terminal A'),
    -- Miami MIA
    ('oo000003-0000-0000-0000-000000000010', 'nn000002-0000-0000-0000-000000000009', 'D',  'Terminal D - Internacional'),
    -- Madrid MAD
    ('oo000003-0000-0000-0000-000000000011', 'nn000002-0000-0000-0000-000000000010', 'T4', 'Terminal 4');

-- ------------------------------------------------------------
-- boarding_gate
-- ------------------------------------------------------------
INSERT INTO boarding_gate (boarding_gate_id, terminal_id, gate_code, gate_name, is_active) VALUES
    -- T1 BOG Nacional
    ('pp000004-0000-0000-0000-000000000001', 'oo000003-0000-0000-0000-000000000001', 'G01', 'Puerta 1',  true),
    ('pp000004-0000-0000-0000-000000000002', 'oo000003-0000-0000-0000-000000000001', 'G02', 'Puerta 2',  true),
    ('pp000004-0000-0000-0000-000000000003', 'oo000003-0000-0000-0000-000000000001', 'G03', 'Puerta 3',  true),
    -- T2 BOG Internacional
    ('pp000004-0000-0000-0000-000000000004', 'oo000003-0000-0000-0000-000000000002', 'G10', 'Puerta 10', true),
    ('pp000004-0000-0000-0000-000000000005', 'oo000003-0000-0000-0000-000000000002', 'G11', 'Puerta 11', true),
    -- MDE
    ('pp000004-0000-0000-0000-000000000006', 'oo000003-0000-0000-0000-000000000003', 'G01', 'Puerta 1',  true),
    ('pp000004-0000-0000-0000-000000000007', 'oo000003-0000-0000-0000-000000000003', 'G02', 'Puerta 2',  true),
    -- CLO
    ('pp000004-0000-0000-0000-000000000008', 'oo000003-0000-0000-0000-000000000004', 'G01', 'Puerta 1',  true),
    -- HUI
    ('pp000004-0000-0000-0000-000000000009', 'oo000003-0000-0000-0000-000000000005', 'G01', 'Puerta 1',  true),
    -- GRU
    ('pp000004-0000-0000-0000-000000000010', 'oo000003-0000-0000-0000-000000000006', 'G20', 'Puerta 20', true),
    -- LIM
    ('pp000004-0000-0000-0000-000000000011', 'oo000003-0000-0000-0000-000000000008', 'G05', 'Puerta 5',  true),
    -- MIA
    ('pp000004-0000-0000-0000-000000000012', 'oo000003-0000-0000-0000-000000000010', 'D15', 'Puerta D15',true),
    -- MAD
    ('pp000004-0000-0000-0000-000000000013', 'oo000003-0000-0000-0000-000000000011', 'G42', 'Puerta 42', true);

-- ------------------------------------------------------------
-- runway
-- ------------------------------------------------------------
INSERT INTO runway (runway_id, airport_id, runway_code, length_meters, surface_type, is_active) VALUES
    ('qq000005-0000-0000-0000-000000000001', 'nn000002-0000-0000-0000-000000000001', '13R/31L', 3800, 'ASPHALT',   true),
    ('qq000005-0000-0000-0000-000000000002', 'nn000002-0000-0000-0000-000000000001', '13L/31R', 3800, 'ASPHALT',   true),
    ('qq000005-0000-0000-0000-000000000003', 'nn000002-0000-0000-0000-000000000002', '01/19',   3000, 'ASPHALT',   true),
    ('qq000005-0000-0000-0000-000000000004', 'nn000002-0000-0000-0000-000000000003', '01/19',   2950, 'ASPHALT',   true),
    ('qq000005-0000-0000-0000-000000000005', 'nn000002-0000-0000-0000-000000000004', '18/36',   1700, 'ASPHALT',   true),
    ('qq000005-0000-0000-0000-000000000006', 'nn000002-0000-0000-0000-000000000005', '09R/27L', 3700, 'CONCRETE',  true),
    ('qq000005-0000-0000-0000-000000000007', 'nn000002-0000-0000-0000-000000000006', '15/33',   3507, 'ASPHALT',   true),
    ('qq000005-0000-0000-0000-000000000008', 'nn000002-0000-0000-0000-000000000007', '11/29',   3300, 'ASPHALT',   true),
    ('qq000005-0000-0000-0000-000000000009', 'nn000002-0000-0000-0000-000000000009', '08R/26L', 4000, 'CONCRETE',  true),
    ('qq000005-0000-0000-0000-000000000010', 'nn000002-0000-0000-0000-000000000010', '18L/36R', 4100, 'ASPHALT',   true);

-- ------------------------------------------------------------
-- airport_regulation
-- ------------------------------------------------------------
INSERT INTO airport_regulation (airport_regulation_id, airport_id, regulation_code, regulation_title, issuing_authority, effective_from) VALUES
    ('rr000006-0000-0000-0000-000000000001', 'nn000002-0000-0000-0000-000000000001', 'BOG-SEC-001', 'Protocolo de Seguridad Aeroportuaria',   'Aerocivil Colombia',   '2020-01-01'),
    ('rr000006-0000-0000-0000-000000000002', 'nn000002-0000-0000-0000-000000000001', 'BOG-OPS-001', 'Restricción de Ruido Nocturno',          'Aerocivil Colombia',   '2021-06-01'),
    ('rr000006-0000-0000-0000-000000000003', 'nn000002-0000-0000-0000-000000000002', 'MDE-SEC-001', 'Control de Acceso a Pistas',             'Aerocivil Colombia',   '2019-03-15'),
    ('rr000006-0000-0000-0000-000000000004', 'nn000002-0000-0000-0000-000000000005', 'GRU-OPS-001', 'Procedimiento de Despacho Internacional','ANAC Brasil',          '2020-07-01'),
    ('rr000006-0000-0000-0000-000000000005', 'nn000002-0000-0000-0000-000000000009', 'MIA-SEC-001', 'Customs and Border Protection Protocol', 'FAA / CBP USA',        '2018-09-10');