-- ============================================================
-- DML - MÓDULO 5: AERONAVES
-- Tablas: aircraft_manufacturer, aircraft_model, cabin_class,
--         aircraft, aircraft_cabin, aircraft_seat,
--         maintenance_provider, maintenance_type, maintenance_event
-- ============================================================

-- ------------------------------------------------------------
-- aircraft_manufacturer
-- ------------------------------------------------------------
INSERT INTO aircraft_manufacturer (aircraft_manufacturer_id, manufacturer_name) VALUES
    ('ss000001-0000-0000-0000-000000000001', 'Boeing'),
    ('ss000001-0000-0000-0000-000000000002', 'Airbus'),
    ('ss000001-0000-0000-0000-000000000003', 'Embraer');

-- ------------------------------------------------------------
-- aircraft_model
-- ------------------------------------------------------------
INSERT INTO aircraft_model (aircraft_model_id, aircraft_manufacturer_id, model_code, model_name, max_range_km) VALUES
    ('tt000002-0000-0000-0000-000000000001', 'ss000001-0000-0000-0000-000000000001', 'B737-800', 'Boeing 737-800',       5765),
    ('tt000002-0000-0000-0000-000000000002', 'ss000001-0000-0000-0000-000000000001', 'B787-9',   'Boeing 787-9',        14140),
    ('tt000002-0000-0000-0000-000000000003', 'ss000001-0000-0000-0000-000000000002', 'A320-200', 'Airbus A320-200',      6150),
    ('tt000002-0000-0000-0000-000000000004', 'ss000001-0000-0000-0000-000000000002', 'A330-200', 'Airbus A330-200',     13450),
    ('tt000002-0000-0000-0000-000000000005', 'ss000001-0000-0000-0000-000000000003', 'E190',     'Embraer E190',         4537);

-- ------------------------------------------------------------
-- cabin_class
-- ------------------------------------------------------------
INSERT INTO cabin_class (cabin_class_id, class_code, class_name) VALUES
    ('uu000003-0000-0000-0000-000000000001', 'Y', 'Económica'),
    ('uu000003-0000-0000-0000-000000000002', 'W', 'Económica Premium'),
    ('uu000003-0000-0000-0000-000000000003', 'C', 'Ejecutiva'),
    ('uu000003-0000-0000-0000-000000000004', 'F', 'Primera Clase');

-- ------------------------------------------------------------
-- aircraft
-- ------------------------------------------------------------
INSERT INTO aircraft (aircraft_id, airline_id, aircraft_model_id, registration_number, serial_number, in_service_on) VALUES
    ('vv000004-0000-0000-0000-000000000001', 'mm000001-0000-0000-0000-000000000001', 'tt000002-0000-0000-0000-000000000001', 'HK-5678', 'SN-AV-001', '2015-03-10'),
    ('vv000004-0000-0000-0000-000000000002', 'mm000001-0000-0000-0000-000000000001', 'tt000002-0000-0000-0000-000000000003', 'HK-5679', 'SN-AV-002', '2017-06-22'),
    ('vv000004-0000-0000-0000-000000000003', 'mm000001-0000-0000-0000-000000000001', 'tt000002-0000-0000-0000-000000000002', 'HK-5680', 'SN-AV-003', '2019-01-15'),
    ('vv000004-0000-0000-0000-000000000004', 'mm000001-0000-0000-0000-000000000002', 'tt000002-0000-0000-0000-000000000003', 'CC-BAX',  'SN-LA-001', '2016-08-01'),
    ('vv000004-0000-0000-0000-000000000005', 'mm000001-0000-0000-0000-000000000002', 'tt000002-0000-0000-0000-000000000004', 'CC-BAY',  'SN-LA-002', '2018-11-30'),
    ('vv000004-0000-0000-0000-000000000006', 'mm000001-0000-0000-0000-000000000003', 'tt000002-0000-0000-0000-000000000001', 'PR-GTA',  'SN-G3-001', '2014-05-20'),
    ('vv000004-0000-0000-0000-000000000007', 'mm000001-0000-0000-0000-000000000004', 'tt000002-0000-0000-0000-000000000002', 'N787AA',  'SN-AA-001', '2020-02-14'),
    ('vv000004-0000-0000-0000-000000000008', 'mm000001-0000-0000-0000-000000000005', 'tt000002-0000-0000-0000-000000000004', 'EC-MXV',  'SN-IB-001', '2021-09-05');

-- ------------------------------------------------------------
-- aircraft_cabin
-- ------------------------------------------------------------
INSERT INTO aircraft_cabin (aircraft_cabin_id, aircraft_id, cabin_class_id, cabin_code, deck_number) VALUES
    -- HK-5678 Boeing 737-800 Avianca (Económica + Ejecutiva)
    ('ww000005-0000-0000-0000-000000000001', 'vv000004-0000-0000-0000-000000000001', 'uu000003-0000-0000-0000-000000000001', 'ECO', 1),
    ('ww000005-0000-0000-0000-000000000002', 'vv000004-0000-0000-0000-000000000001', 'uu000003-0000-0000-0000-000000000003', 'EJE', 1),
    -- HK-5679 A320 Avianca
    ('ww000005-0000-0000-0000-000000000003', 'vv000004-0000-0000-0000-000000000002', 'uu000003-0000-0000-0000-000000000001', 'ECO', 1),
    ('ww000005-0000-0000-0000-000000000004', 'vv000004-0000-0000-0000-000000000002', 'uu000003-0000-0000-0000-000000000003', 'EJE', 1),
    -- HK-5680 B787 Avianca (3 cabinas)
    ('ww000005-0000-0000-0000-000000000005', 'vv000004-0000-0000-0000-000000000003', 'uu000003-0000-0000-0000-000000000001', 'ECO', 1),
    ('ww000005-0000-0000-0000-000000000006', 'vv000004-0000-0000-0000-000000000003', 'uu000003-0000-0000-0000-000000000002', 'EPR', 1),
    ('ww000005-0000-0000-0000-000000000007', 'vv000004-0000-0000-0000-000000000003', 'uu000003-0000-0000-0000-000000000003', 'EJE', 1),
    -- CC-BAX A320 LATAM
    ('ww000005-0000-0000-0000-000000000008', 'vv000004-0000-0000-0000-000000000004', 'uu000003-0000-0000-0000-000000000001', 'ECO', 1),
    ('ww000005-0000-0000-0000-000000000009', 'vv000004-0000-0000-0000-000000000004', 'uu000003-0000-0000-0000-000000000003', 'EJE', 1),
    -- PR-GTA B737 Gol
    ('ww000005-0000-0000-0000-000000000010', 'vv000004-0000-0000-0000-000000000006', 'uu000003-0000-0000-0000-000000000001', 'ECO', 1);

-- ------------------------------------------------------------
-- aircraft_seat (muestra representativa por cabina)
-- ------------------------------------------------------------
INSERT INTO aircraft_seat (aircraft_seat_id, aircraft_cabin_id, seat_row_number, seat_column_code, is_window, is_aisle, is_exit_row) VALUES
    -- ECO HK-5678 (filas 10-12)
    ('xx000006-0000-0000-0000-000000000001', 'ww000005-0000-0000-0000-000000000001', 10, 'A', true,  false, false),
    ('xx000006-0000-0000-0000-000000000002', 'ww000005-0000-0000-0000-000000000001', 10, 'B', false, false, false),
    ('xx000006-0000-0000-0000-000000000003', 'ww000005-0000-0000-0000-000000000001', 10, 'C', false, true,  false),
    ('xx000006-0000-0000-0000-000000000004', 'ww000005-0000-0000-0000-000000000001', 10, 'D', false, true,  false),
    ('xx000006-0000-0000-0000-000000000005', 'ww000005-0000-0000-0000-000000000001', 10, 'E', false, false, false),
    ('xx000006-0000-0000-0000-000000000006', 'ww000005-0000-0000-0000-000000000001', 10, 'F', true,  false, false),
    ('xx000006-0000-0000-0000-000000000007', 'ww000005-0000-0000-0000-000000000001', 11, 'A', true,  false, true),
    ('xx000006-0000-0000-0000-000000000008', 'ww000005-0000-0000-0000-000000000001', 11, 'B', false, false, true),
    ('xx000006-0000-0000-0000-000000000009', 'ww000005-0000-0000-0000-000000000001', 11, 'C', false, true,  true),
    ('xx000006-0000-0000-0000-000000000010', 'ww000005-0000-0000-0000-000000000001', 11, 'D', false, true,  true),
    ('xx000006-0000-0000-0000-000000000011', 'ww000005-0000-0000-0000-000000000001', 11, 'E', false, false, true),
    ('xx000006-0000-0000-0000-000000000012', 'ww000005-0000-0000-0000-000000000001', 11, 'F', true,  false, true),
    -- EJE HK-5678 (filas 1-2)
    ('xx000006-0000-0000-0000-000000000013', 'ww000005-0000-0000-0000-000000000002', 1,  'A', true,  false, false),
    ('xx000006-0000-0000-0000-000000000014', 'ww000005-0000-0000-0000-000000000002', 1,  'C', false, true,  false),
    ('xx000006-0000-0000-0000-000000000015', 'ww000005-0000-0000-0000-000000000002', 1,  'D', false, true,  false),
    ('xx000006-0000-0000-0000-000000000016', 'ww000005-0000-0000-0000-000000000002', 1,  'F', true,  false, false),
    ('xx000006-0000-0000-0000-000000000017', 'ww000005-0000-0000-0000-000000000002', 2,  'A', true,  false, false),
    ('xx000006-0000-0000-0000-000000000018', 'ww000005-0000-0000-0000-000000000002', 2,  'C', false, true,  false),
    -- ECO CC-BAX LATAM (filas 10-11)
    ('xx000006-0000-0000-0000-000000000019', 'ww000005-0000-0000-0000-000000000008', 10, 'A', true,  false, false),
    ('xx000006-0000-0000-0000-000000000020', 'ww000005-0000-0000-0000-000000000008', 10, 'B', false, false, false),
    ('xx000006-0000-0000-0000-000000000021', 'ww000005-0000-0000-0000-000000000008', 10, 'C', false, true,  false),
    ('xx000006-0000-0000-0000-000000000022', 'ww000005-0000-0000-0000-000000000008', 11, 'A', true,  false, false),
    ('xx000006-0000-0000-0000-000000000023', 'ww000005-0000-0000-0000-000000000008', 11, 'B', false, false, false),
    ('xx000006-0000-0000-0000-000000000024', 'ww000005-0000-0000-0000-000000000008', 11, 'C', false, true,  false);

-- ------------------------------------------------------------
-- maintenance_provider
-- ------------------------------------------------------------
INSERT INTO maintenance_provider (maintenance_provider_id, address_id, provider_name, contact_name) VALUES
    ('yy000007-0000-0000-0000-000000000001', 'g0000007-0000-0000-0000-000000000001', 'Avianca MRO',          'Jorge Castillo'),
    ('yy000007-0000-0000-0000-000000000002', 'g0000007-0000-0000-0000-000000000005', 'LATAM Technical',      'Roberto Lima'),
    ('yy000007-0000-0000-0000-000000000003', 'g0000007-0000-0000-0000-000000000009', 'AAR Corp Miami',       'James Wilson');

-- ------------------------------------------------------------
-- maintenance_type
-- ------------------------------------------------------------
INSERT INTO maintenance_type (maintenance_type_id, type_code, type_name) VALUES
    ('zz000008-0000-0000-0000-000000000001', 'LINE',     'Mantenimiento de Línea'),
    ('zz000008-0000-0000-0000-000000000002', 'A_CHECK',  'Revisión Tipo A'),
    ('zz000008-0000-0000-0000-000000000003', 'B_CHECK',  'Revisión Tipo B'),
    ('zz000008-0000-0000-0000-000000000004', 'C_CHECK',  'Revisión Tipo C'),
    ('zz000008-0000-0000-0000-000000000005', 'D_CHECK',  'Revisión Tipo D (Overhaul)');

-- ------------------------------------------------------------
-- maintenance_event
-- ------------------------------------------------------------
INSERT INTO maintenance_event (maintenance_event_id, aircraft_id, maintenance_type_id, maintenance_provider_id, status_code, started_at, completed_at, notes) VALUES
    ('aaa00009-0000-0000-0000-000000000001', 'vv000004-0000-0000-0000-000000000001', 'zz000008-0000-0000-0000-000000000002', 'yy000007-0000-0000-0000-000000000001', 'COMPLETED',   NOW() - INTERVAL '60 days', NOW() - INTERVAL '59 days', 'Revisión A rutinaria sin novedades'),
    ('aaa00009-0000-0000-0000-000000000002', 'vv000004-0000-0000-0000-000000000002', 'zz000008-0000-0000-0000-000000000001', 'yy000007-0000-0000-0000-000000000001', 'COMPLETED',   NOW() - INTERVAL '10 days', NOW() - INTERVAL '10 days', 'Cambio de neumáticos tren principal'),
    ('aaa00009-0000-0000-0000-000000000003', 'vv000004-0000-0000-0000-000000000003', 'zz000008-0000-0000-0000-000000000004', 'yy000007-0000-0000-0000-000000000001', 'IN_PROGRESS', NOW() - INTERVAL '5 days',  NULL,                       'Revisión C programada'),
    ('aaa00009-0000-0000-0000-000000000004', 'vv000004-0000-0000-0000-000000000004', 'zz000008-0000-0000-0000-000000000002', 'yy000007-0000-0000-0000-000000000002', 'COMPLETED',   NOW() - INTERVAL '30 days', NOW() - INTERVAL '29 days', 'Revisión A sin observaciones'),
    ('aaa00009-0000-0000-0000-000000000005', 'vv000004-0000-0000-0000-000000000006', 'zz000008-0000-0000-0000-000000000003', 'yy000007-0000-0000-0000-000000000002', 'PLANNED',     NOW() + INTERVAL '15 days', NULL,                       'Revisión B programada próximo mes');